AKAZEdist_2023-03-09_11:05:54,000.png,00001.png,000010.png,000011.png,000012.png,000013.png,000014.png,000015.png,000016.png,000017.png,000018.png,000019.png,00002.png,000020.png,000021.png,000022.png,000023.png,000024.png,000025.png,000026.png,000027.png,000028.png,000029.png,00003.png,000030.png,000031.png,000032.png,000033.png,000034.png,000035.png,000036.png,000037.png,000038.png,000039.png,00004.png,000040.png,000041.png,000042.png,000043.png,000044.png,000045.png,000046.png,000047.png,000048.png,00005.png,00006.png,00007.png,00008.png,00009.png,01.png
000.png,0.0,101.02127659574468,82.19148936170212,148.61702127659575,84.46808510638297,120.19148936170212,72.8936170212766,84.80851063829788,144.29787234042553,108.06382978723404,109.02127659574468,70.76595744680851,135.4468085106383,72.8936170212766,127.44680851063829,110.34042553191489,80.61702127659575,83.80851063829788,140.89361702127658,158.12765957446808,84.63829787234043,183.31914893617022,151.7659574468085,84.19148936170212,147.4468085106383,169.46808510638297,89.8936170212766,78.76595744680851,95.04255319148936,159.51063829787233,107.27659574468085,88.36170212765957,129.85106382978722,159.4468085106383,75.87234042553192,160.17021276595744,153.2127659574468,124.63829787234043,77.76595744680851,105.48936170212765,180.25531914893617,75.59574468085107,73.61702127659575,92.36170212765957,86.04255319148936,104.44680851063829,137.5531914893617,124.65957446808511,156.04255319148936,123.12765957446808
00001.png,143.73333333333332,0.0,149.15,149.61666666666667,127.3,146.4,137.93333333333334,146.16666666666666,145.6,126.96666666666667,124.73333333333333,142.08333333333334,145.41666666666666,156.41666666666666,123.01666666666667,131.7,126.93333333333334,122.7,152.61666666666667,157.51666666666668,154.13333333333333,173.38333333333333,150.16666666666666,158.66666666666666,152.35,158.66666666666666,122.4,152.83333333333334,136.2,162.8,135.41666666666666,142.0,134.0,151.9,157.83333333333334,155.6,153.41666666666666,148.08333333333334,155.6,141.16666666666666,167.05,145.35,162.35,158.53333333333333,129.33333333333334,144.31666666666666,132.81666666666666,133.88333333333333,149.7,136.35
000010.png,80.91428571428571,103.72857142857143,0.0,148.18571428571428,73.24285714285715,125.21428571428571,70.48571428571428,77.65714285714286,141.18571428571428,112.58571428571429,97.08571428571429,74.51428571428572,127.42857142857143,72.44285714285714,118.15714285714286,115.05714285714286,71.91428571428571,78.2,131.77142857142857,157.02857142857144,72.62857142857143,175.6,147.5,76.6,141.9,158.38571428571427,80.0,67.72857142857143,92.08571428571429,154.04285714285714,78.21428571428571,69.48571428571428,112.21428571428571,152.12857142857143,78.75714285714285,149.6,147.77142857142857,115.24285714285715,77.72857142857143,100.85714285714286,166.61428571428573,74.87142857142857,75.52857142857142,73.75714285714285,87.5,86.68571428571428,133.25714285714287,131.37142857142857,150.84285714285716,127.68571428571428
000011.png,186.04787234042553,174.38297872340425,181.88829787234042,0.0,170.71808510638297,192.54255319148936,181.36702127659575,182.6968085106383,135.20212765957447,187.49468085106383,185.24468085106383,179.55851063829786,137.5531914893617,187.0159574468085,180.0,191.64893617021278,176.14361702127658,168.58510638297872,146.97340425531914,138.25531914893617,186.94148936170214,138.9468085106383,127.96808510638297,185.06382978723406,129.8404255319149,143.14893617021278,166.92021276595744,183.6968085106383,161.03191489361703,139.20744680851064,167.44148936170214,175.31914893617022,161.5159574468085,137.0372340425532,187.99468085106383,138.54787234042553,150.6595744680851,144.89361702127658,180.88829787234042,150.14893617021278,152.9468085106383,171.0744680851064,185.9840425531915,176.86702127659575,183.89361702127658,148.85106382978722,156.6755319148936,180.86170212765958,139.59574468085106,179.86170212765958
000012.png,97.4,105.05714285714286,93.88571428571429,140.72857142857143,0.0,120.35714285714286,96.48571428571428,92.94285714285714,132.15714285714284,95.24285714285715,100.52857142857142,82.05714285714286,133.14285714285714,106.14285714285714,120.22857142857143,107.71428571428571,84.37142857142857,72.3,141.5857142857143,152.74285714285713,103.71428571428571,171.52857142857144,140.4142857142857,116.97142857142858,138.55714285714285,160.02857142857144,84.11428571428571,111.45714285714286,103.68571428571428,152.37142857142857,86.97142857142858,71.12857142857143,118.8,148.71428571428572,112.27142857142857,153.04285714285714,156.52857142857144,125.07142857142857,98.72857142857143,120.48571428571428,168.72857142857143,97.62857142857143,108.42857142857143,116.34285714285714,75.9,105.35714285714286,137.5857142857143,121.32857142857142,143.0,123.14285714285714
000013.png,110.83333333333333,123.76666666666667,114.83333333333333,163.96666666666667,94.33333333333333,0.0,135.9,114.23333333333333,137.6,91.73333333333333,102.03333333333333,111.03333333333333,143.93333333333334,139.83333333333334,115.96666666666667,93.13333333333334,100.96666666666667,91.16666666666667,160.73333333333332,158.63333333333333,131.16666666666666,182.33333333333334,158.0,147.2,159.8,162.7,104.23333333333333,144.43333333333334,126.8,173.23333333333332,122.66666666666667,88.5,127.53333333333333,158.46666666666667,138.26666666666668,153.23333333333332,150.0,149.26666666666668,131.33333333333334,144.53333333333333,192.8,125.5,137.1,147.73333333333332,100.03333333333333,117.7,148.5,104.03333333333333,160.46666666666667,103.6
000014.png,73.62,105.56,75.02,145.88,82.6,130.76,0.0,76.68,143.66,119.22,111.18,56.82,130.92,64.14,131.84,120.56,75.32,75.86,138.36,155.98,69.22,177.24,145.26,72.58,141.7,162.78,82.52,65.1,97.6,154.42,93.78,80.56,124.74,156.0,68.16,153.72,150.4,121.36,69.54,99.94,176.12,67.16,64.32,75.88,85.26,95.8,136.66,131.74,153.76,127.12
000015.png,89.67647058823529,118.58823529411765,90.41176470588235,145.58823529411765,88.70588235294117,120.91176470588235,85.8529411764706,0.0,138.73529411764707,115.61764705882354,117.58823529411765,85.26470588235294,133.3235294117647,91.76470588235294,125.58823529411765,114.6470588235294,91.08823529411765,89.73529411764706,143.64705882352942,151.0,88.79411764705883,172.97058823529412,147.08823529411765,94.94117647058823,145.38235294117646,164.26470588235293,91.82352941176471,94.61764705882354,98.82352941176471,154.6764705882353,95.05882352941177,86.6470588235294,132.7941176470588,152.41176470588235,94.26470588235294,153.2941176470588,156.55882352941177,122.52941176470588,89.8529411764706,113.38235294117646,167.61764705882354,93.23529411764706,88.6470588235294,99.8529411764706,97.02941176470588,110.02941176470588,132.61764705882354,115.44117647058823,147.0,114.44117647058823
000016.png,184.16949152542372,168.180790960452,179.8135593220339,140.87570621468927,171.4632768361582,189.8135593220339,179.96610169491527,178.75141242937852,0.0,180.5536723163842,179.45197740112994,178.99435028248587,141.09604519774012,186.5593220338983,174.03389830508473,186.85310734463278,173.36723163841808,168.47457627118644,148.74576271186442,147.58757062146893,186.40112994350284,150.045197740113,143.36723163841808,183.68926553672316,144.15254237288136,145.954802259887,166.4632768361582,183.07909604519773,163.42937853107344,150.0225988700565,170.3728813559322,177.99435028248587,160.5593220338983,146.31073446327684,188.12994350282486,150.66666666666666,150.3050847457627,148.77401129943502,182.14689265536722,148.4915254237288,155.24858757062148,171.70056497175142,185.03954802259886,175.62146892655366,181.32203389830508,145.78531073446328,153.51977401129943,176.40112994350284,145.36723163841808,175.78531073446328
000017.png,107.39655172413794,112.20689655172414,130.5,151.58620689655172,83.67241379310344,112.12068965517241,133.77586206896552,121.56896551724138,145.94827586206895,0.0,100.20689655172414,108.75862068965517,151.1206896551724,147.10344827586206,116.32758620689656,76.32758620689656,96.29310344827586,92.51724137931035,153.86206896551724,155.25862068965517,140.60344827586206,186.10344827586206,155.29310344827587,153.91379310344828,158.67241379310346,171.20689655172413,102.1896551724138,147.89655172413794,127.03448275862068,165.94827586206895,120.44827586206897,95.82758620689656,137.86206896551724,156.6206896551724,146.79310344827587,157.77586206896552,154.29310344827587,149.9655172413793,142.8448275862069,148.27586206896552,181.94827586206895,136.82758620689654,150.8793103448276,155.58620689655172,85.08620689655173,125.62068965517241,143.9655172413793,104.05172413793103,152.1206896551724,101.32758620689656
000018.png,106.0,109.28395061728395,95.45679012345678,160.08641975308643,73.60493827160494,97.27160493827161,120.19753086419753,110.62962962962963,132.20987654320987,80.71604938271605,0.0,96.81481481481481,139.25925925925927,125.50617283950618,88.95061728395062,93.1604938271605,70.41975308641975,73.35802469135803,137.1358024691358,159.8395061728395,127.38271604938272,177.92592592592592,157.23456790123456,145.1358024691358,153.09876543209876,156.49382716049382,87.01234567901234,133.64197530864197,115.1358024691358,155.11111111111111,103.82716049382717,73.18518518518519,96.35802469135803,155.85185185185185,130.91358024691357,159.03703703703704,145.49382716049382,145.19753086419752,123.30864197530865,134.49382716049382,186.65432098765433,113.87654320987654,134.22222222222223,140.14814814814815,81.01234567901234,94.71604938271605,141.07407407407408,118.80246913580247,155.50617283950618,112.55555555555556
000019.png,72.32142857142857,107.76785714285714,80.25,147.32142857142858,83.35714285714286,126.92857142857143,63.732142857142854,85.51785714285714,143.375,117.39285714285714,115.32142857142857,0.0,134.41071428571428,72.05357142857143,130.41071428571428,122.5,80.75,79.16071428571429,139.19642857142858,155.48214285714286,76.21428571428571,179.26785714285714,146.80357142857142,81.16071428571429,142.89285714285714,165.53571428571428,84.5,75.19642857142857,95.78571428571429,155.21428571428572,96.39285714285714,81.69642857142857,125.64285714285714,157.17857142857142,74.76785714285714,155.98214285714286,151.46428571428572,116.03571428571429,74.53571428571429,108.03571428571429,173.67857142857142,74.01785714285714,71.85714285714286,81.375,85.73214285714286,100.83928571428571,137.80357142857142,130.07142857142858,155.17857142857142,130.48214285714286
00002.png,173.88135593220338,160.33898305084745,168.9322033898305,124.11016949152543,159.5084745762712,185.8050847457627,166.17796610169492,168.3728813559322,127.87288135593221,176.9322033898305,172.32203389830508,168.55084745762713,0.0,172.72033898305085,171.8728813559322,182.3135593220339,159.94915254237287,156.6271186440678,130.10169491525423,138.10169491525423,171.364406779661,137.58474576271186,132.59322033898306,170.22881355932202,133.72881355932202,131.3135593220339,150.5677966101695,168.46610169491527,141.89830508474577,133.74576271186442,151.55084745762713,163.78813559322035,141.33898305084745,134.04237288135593,174.1271186440678,133.97457627118644,133.77966101694915,128.83898305084745,162.22033898305085,130.54237288135593,133.61016949152543,151.3135593220339,169.53389830508473,157.71186440677965,172.09322033898306,130.66101694915255,143.1271186440678,173.76271186440678,126.7457627118644,172.96610169491527
000020.png,66.87931034482759,104.46551724137932,72.25862068965517,149.3448275862069,82.20689655172414,130.82758620689654,62.39655172413793,78.93103448275862,150.20689655172413,123.24137931034483,110.25862068965517,63.224137931034484,134.81034482758622,0.0,129.17241379310346,117.77586206896552,74.98275862068965,79.29310344827586,139.9655172413793,161.81034482758622,65.15517241379311,179.6206896551724,149.75862068965517,68.46551724137932,149.0,168.70689655172413,85.55172413793103,57.13793103448276,93.53448275862068,163.08620689655172,98.20689655172414,79.32758620689656,131.93103448275863,161.58620689655172,60.775862068965516,159.10344827586206,147.43103448275863,122.41379310344827,66.96551724137932,96.74137931034483,179.24137931034483,61.53448275862069,61.91379310344828,68.36206896551724,82.63793103448276,97.17241379310344,138.98275862068965,134.0,157.20689655172413,130.55172413793105
000021.png,143.93650793650792,128.68253968253967,143.06349206349208,159.015873015873,135.42857142857142,139.65079365079364,150.55555555555554,140.36507936507937,147.84126984126985,126.85714285714286,125.73015873015873,145.1904761904762,150.87301587301587,156.9206349206349,0.0,129.26984126984127,133.71428571428572,133.03174603174602,163.31746031746033,154.63492063492063,154.9047619047619,176.0793650793651,162.65079365079364,162.0952380952381,158.88888888888889,163.82539682539684,137.65079365079364,156.9047619047619,147.15873015873015,170.5079365079365,148.23809523809524,141.53968253968253,140.66666666666666,163.46031746031747,155.74603174603175,165.6031746031746,165.73015873015873,161.55555555555554,157.14285714285714,152.82539682539684,180.96825396825398,149.6031746031746,161.4920634920635,162.0952380952381,142.55555555555554,146.17460317460316,148.14285714285714,126.25396825396825,165.06349206349208,126.19047619047619
000022.png,103.2051282051282,112.23076923076923,122.48717948717949,157.5897435897436,90.48717948717949,106.7948717948718,133.56410256410257,116.05128205128206,145.30769230769232,73.43589743589743,101.76923076923077,116.07692307692308,145.74358974358975,138.71794871794873,113.1025641025641,0.0,98.74358974358974,97.12820512820512,152.53846153846155,152.66666666666666,131.43589743589743,184.07692307692307,158.92307692307693,147.5897435897436,160.15384615384616,168.07692307692307,102.82051282051282,139.05128205128204,127.71794871794872,172.53846153846155,124.17948717948718,101.25641025641026,134.51282051282053,157.23076923076923,139.17948717948718,157.02564102564102,153.66666666666666,153.10256410256412,135.64102564102564,141.0,186.23076923076923,128.46153846153845,142.17948717948718,150.10256410256412,95.38461538461539,121.97435897435898,144.17948717948718,97.2051282051282,151.92307692307693,93.43589743589743
000023.png,84.78021978021978,101.07692307692308,73.21978021978022,150.21978021978023,64.87912087912088,113.9010989010989,82.06593406593407,80.38461538461539,133.67032967032966,94.92307692307692,74.0989010989011,78.89010989010988,126.45054945054945,84.07692307692308,102.95604395604396,97.3076923076923,0.0,69.93406593406593,130.01098901098902,155.71428571428572,89.82417582417582,175.37362637362637,148.28571428571428,101.12087912087912,142.57142857142858,154.86813186813185,74.53846153846153,90.98901098901099,99.10989010989012,151.4945054945055,85.74725274725274,69.16483516483517,101.0989010989011,147.62637362637363,96.63736263736264,154.01098901098902,148.5054945054945,131.54945054945054,84.75824175824175,103.53846153846153,178.32967032967034,80.02197802197803,92.81318681318682,101.34065934065934,75.92307692307692,86.67032967032966,134.7912087912088,125.41758241758242,145.72527472527472,121.71428571428571
000024.png,96.92405063291139,110.36708860759494,93.48101265822785,145.73417721518987,76.82278481012658,115.65822784810126,98.81012658227849,102.22784810126582,130.7594936708861,104.29113924050633,93.29113924050633,86.63291139240506,132.20253164556962,107.68354430379746,118.50632911392405,109.81012658227849,80.20253164556962,0.0,136.60759493670886,153.0,105.53164556962025,172.0759493670886,143.0506329113924,115.60759493670886,138.1772151898734,154.9367088607595,84.10126582278481,111.70886075949367,105.50632911392405,145.25316455696202,99.0506329113924,78.64556962025317,106.37974683544304,147.37974683544303,112.9493670886076,153.0253164556962,150.1139240506329,128.21518987341773,106.51898734177215,120.65822784810126,170.18987341772151,99.0886075949367,107.81012658227849,111.0126582278481,90.67088607594937,103.9113924050633,134.67088607594937,122.68354430379746,148.41772151898735,121.87341772151899
000025.png,184.9009900990099,166.11881188118812,181.23762376237624,124.70297029702971,168.35643564356437,199.40594059405942,183.67326732673268,183.03960396039605,126.42574257425743,185.4851485148515,183.1881188118812,183.2970297029703,122.4950495049505,188.9009900990099,177.9108910891089,189.9009900990099,174.0990099009901,168.15841584158414,0.0,143.4950495049505,190.35643564356437,127.03960396039604,137.16831683168317,189.76237623762376,138.13861386138615,137.8118811881188,159.1980198019802,186.6039603960396,151.72277227722773,137.87128712871288,159.3861386138614,178.1980198019802,152.27722772277227,137.20792079207922,193.0,123.67326732673267,100.45544554455445,98.91089108910892,179.63366336633663,118.0,107.07920792079207,165.05940594059405,187.24752475247524,172.01980198019803,186.64356435643563,107.20792079207921,146.33663366336634,181.02970297029702,132.990099009901,179.15841584158414
000026.png,187.63114754098362,176.4262295081967,184.0655737704918,131.48360655737704,176.22131147540983,192.9262295081967,182.38524590163934,181.72131147540983,138.79508196721312,183.80327868852459,184.47540983606558,182.24590163934425,141.04918032786884,187.2622950819672,178.0327868852459,187.36885245901638,178.95901639344262,172.09016393442624,155.5,0.0,188.4672131147541,143.4344262295082,137.04098360655738,182.62295081967213,131.37704918032787,142.48360655737704,173.827868852459,183.75409836065575,169.4262295081967,143.52459016393442,174.95901639344262,179.9344262295082,170.5737704918033,134.5737704918033,190.40983606557376,150.9016393442623,158.45081967213116,154.39344262295083,183.91803278688525,158.41803278688525,164.7622950819672,176.77868852459017,186.86885245901638,179.0983606557377,183.5983606557377,156.40983606557376,158.7704918032787,176.71311475409837,136.0655737704918,175.63114754098362
000027.png,77.01886792452831,117.71698113207547,71.26415094339623,148.20754716981133,83.9245283018868,128.1509433962264,67.33962264150944,76.71698113207547,141.52830188679246,128.96226415094338,120.30188679245283,68.30188679245283,132.22641509433961,64.9245283018868,134.0188679245283,125.64150943396227,79.0377358490566,74.90566037735849,140.9433962264151,156.0754716981132,0.0,182.18867924528303,146.47169811320754,66.62264150943396,141.50943396226415,165.26415094339623,77.84905660377359,64.56603773584905,91.77358490566037,160.16981132075472,86.73584905660377,71.0,126.75471698113208,156.26415094339623,67.37735849056604,156.50943396226415,149.73584905660377,112.77358490566037,70.81132075471699,97.9622641509434,171.18867924528303,72.16981132075472,65.26415094339623,70.73584905660377,93.73584905660377,92.0754716981132,136.0566037735849,134.22641509433961,147.67924528301887,131.9811320754717
000028.png,194.58947368421053,179.23157894736843,191.0842105263158,121.28421052631579,178.8842105263158,196.94736842105263,193.86315789473684,184.81052631578947,130.2842105263158,192.9157894736842,189.1157894736842,190.97894736842105,134.69473684210527,198.93684210526317,178.09473684210528,194.3578947368421,183.94736842105263,176.26315789473685,136.65263157894736,135.96842105263158,198.2842105263158,0.0,130.94736842105263,194.52631578947367,132.33684210526314,139.06315789473683,172.26315789473685,193.86315789473684,168.33684210526314,134.29473684210527,172.54736842105262,182.2736842105263,164.69473684210527,131.09473684210528,198.6,121.69473684210526,137.31578947368422,135.57894736842104,190.05263157894737,138.98947368421054,139.8736842105263,179.73684210526315,196.67368421052632,183.8842105263158,192.4,140.2842105263158,148.44210526315788,179.8,137.07368421052632,179.1263157894737
000029.png,185.09937888198758,172.63975155279502,179.3726708074534,125.40372670807453,169.5527950310559,186.4223602484472,175.88819875776397,181.90683229813664,135.75776397515529,187.12422360248448,182.7391304347826,175.77639751552795,139.14906832298138,184.07453416149067,175.45341614906832,190.91925465838509,172.2049689440994,164.17391304347825,152.7391304347826,138.1304347826087,182.46583850931677,143.32298136645963,0.0,178.3167701863354,122.64596273291926,144.09937888198758,165.17391304347825,178.9751552795031,157.77639751552795,132.87577639751552,161.6024844720497,169.61490683229815,158.93788819875778,136.16770186335404,185.14285714285714,140.7639751552795,156.8447204968944,150.65217391304347,178.73291925465838,154.1304347826087,161.01242236024845,168.944099378882,184.27950310559007,171.70186335403727,181.35403726708074,151.34782608695653,154.33540372670808,179.0,137.9503105590062,176.13664596273293
00003.png,76.50943396226415,119.0,72.81132075471699,147.62264150943398,84.32075471698113,131.0754716981132,64.30188679245283,81.66037735849056,142.0754716981132,123.86792452830188,114.50943396226415,69.33962264150944,135.41509433962264,63.83018867924528,132.33962264150944,126.01886792452831,82.28301886792453,79.66037735849056,140.9433962264151,156.24528301886792,65.83018867924528,175.79245283018867,147.56603773584905,0.0,143.16981132075472,162.52830188679246,86.16981132075472,58.24528301886792,90.67924528301887,157.0,89.88679245283019,76.05660377358491,125.41509433962264,154.26415094339623,63.283018867924525,152.9245283018868,147.69811320754718,104.77358490566037,72.71698113207547,99.11320754716981,168.50943396226415,74.75471698113208,67.43396226415095,62.79245283018868,96.0754716981132,93.64150943396227,134.56603773584905,133.11320754716982,147.1509433962264,130.75471698113208
000030.png,178.39655172413794,169.90804597701148,175.68965517241378,128.32758620689654,167.3735632183908,189.25862068965517,169.816091954023,180.4367816091954,135.92528735632183,187.0,182.73563218390805,174.27586206896552,141.55747126436782,179.17241379310346,177.1206896551724,188.33333333333334,167.6206896551724,162.4367816091954,153.24137931034483,133.75862068965517,178.04022988505747,143.7183908045977,124.51724137931035,175.22988505747125,0.0,140.0632183908046,163.3505747126437,175.88505747126436,156.13793103448276,121.79310344827586,161.64367816091954,168.2183908045977,156.2528735632184,130.64367816091954,180.6264367816092,146.25862068965517,160.6494252873563,148.5344827586207,175.01724137931035,158.50574712643677,165.18965517241378,166.42528735632183,178.72413793103448,168.8735632183908,175.05172413793105,151.0287356321839,158.01149425287358,180.93103448275863,136.98275862068965,178.3448275862069
000031.png,193.38260869565218,174.96521739130435,188.49565217391304,135.9391304347826,179.28695652173914,201.0608695652174,183.56521739130434,190.6086956521739,136.01739130434783,191.2086956521739,186.2521739130435,187.63478260869564,136.70434782608694,192.45217391304348,184.2,194.6782608695652,175.44347826086957,172.43478260869566,149.5304347826087,138.90434782608696,192.1304347826087,143.9217391304348,137.63478260869564,189.3304347826087,137.30434782608697,0.0,172.04347826086956,189.3304347826087,163.55652173913043,137.6,173.22608695652173,181.01739130434783,160.64347826086956,135.7391304347826,192.84347826086957,146.57391304347826,150.2086956521739,151.33913043478262,184.84347826086957,155.96521739130435,156.9913043478261,174.73043478260868,188.71304347826086,179.17391304347825,190.2086956521739,148.56521739130434,158.1304347826087,186.3217391304348,137.8,186.41739130434783
000032.png,103.1685393258427,114.40449438202248,92.0,135.74157303370785,90.53932584269663,133.08988764044943,102.5505617977528,102.10112359550561,131.68539325842696,124.06741573033707,111.6067415730337,98.79775280898876,120.70786516853933,108.6067415730337,127.41573033707866,128.41573033707866,89.70786516853933,86.84269662921348,126.96629213483146,151.17977528089887,104.51685393258427,165.64044943820224,139.08988764044943,113.69662921348315,128.58426966292134,150.06741573033707,0.0,109.5505617977528,89.80898876404494,141.85393258426967,73.87640449438203,83.73033707865169,96.02247191011236,135.79775280898878,114.1685393258427,140.58426966292134,144.42696629213484,118.07865168539325,100.75280898876404,110.66292134831461,152.75280898876406,95.5505617977528,109.19101123595506,102.96629213483146,98.87640449438203,106.33707865168539,126.40449438202248,130.41573033707866,138.1573033707865,128.98876404494382
000033.png,74.53703703703704,108.88888888888889,68.46296296296296,149.7037037037037,80.64814814814815,131.40740740740742,63.907407407407405,80.68518518518519,150.12962962962962,121.35185185185185,111.14814814814815,64.5925925925926,136.6851851851852,56.48148148148148,127.4074074074074,122.25925925925925,76.44444444444444,79.88888888888889,139.3148148148148,157.22222222222223,65.16666666666667,177.83333333333334,150.5,62.648148148148145,145.7962962962963,163.38888888888889,84.29629629629629,0.0,87.35185185185185,159.3148148148148,90.92592592592592,74.25925925925925,123.27777777777777,156.2037037037037,62.22222222222222,157.16666666666666,148.96296296296296,117.25925925925925,65.07407407407408,93.98148148148148,169.57407407407408,65.05555555555556,62.77777777777778,64.01851851851852,88.03703703703704,94.01851851851852,137.66666666666666,134.4814814814815,149.24074074074073,130.0185185185185
000034.png,111.11320754716981,117.69811320754717,106.90566037735849,132.32075471698113,102.32075471698113,139.0188679245283,109.98113207547169,111.66037735849056,127.9622641509434,138.0188679245283,133.9433962264151,106.0754716981132,123.0754716981132,115.73584905660377,139.79245283018867,143.56603773584905,107.11320754716981,100.49056603773585,129.37735849056602,144.24528301886792,112.49056603773585,162.30188679245282,132.83018867924528,112.05660377358491,130.30188679245282,144.41509433962264,91.20754716981132,108.35849056603773,0.0,141.96226415094338,92.83018867924528,100.73584905660377,114.0754716981132,134.35849056603774,117.90566037735849,132.52830188679246,143.71698113207546,115.88679245283019,108.05660377358491,115.77358490566037,145.56603773584905,96.79245283018868,110.05660377358491,103.81132075471699,113.18867924528301,111.09433962264151,122.81132075471699,133.11320754716982,137.03773584905662,133.11320754716982
000035.png,172.58415841584159,162.44554455445544,167.24752475247524,115.66336633663366,157.67326732673268,189.16831683168317,161.94059405940595,174.24752475247524,121.46534653465346,173.74257425742573,164.35643564356437,168.1089108910891,124.06930693069307,176.8019801980198,171.1881188118812,179.0990099009901,150.1881188118812,149.59405940594058,139.98019801980197,131.21782178217822,179.37623762376236,129.84158415841586,115.75247524752476,175.27722772277227,97.24752475247524,122.57425742574257,146.96039603960395,173.72277227722773,140.13861386138615,0.0,152.40594059405942,161.14851485148515,123.07920792079207,107.88118811881188,177.01980198019803,117.22772277227723,143.43564356435644,133.1980198019802,170.31683168316832,145.31683168316832,144.34653465346534,157.76237623762376,174.01980198019803,162.4851485148515,166.9108910891089,134.86138613861385,138.02970297029702,173.9108910891089,127.4059405940594,171.85148514851485
000036.png,106.58536585365853,118.8048780487805,89.1219512195122,126.03658536585365,79.8780487804878,131.34146341463415,97.36585365853658,96.48780487804878,127.21951219512195,135.96341463414635,132.4390243902439,92.36585365853658,122.53658536585365,103.71951219512195,136.5731707317073,145.3048780487805,94.3048780487805,87.63414634146342,128.65853658536585,146.390243902439,100.09756097560975,155.390243902439,124.67073170731707,104.03658536585365,123.6829268292683,142.0609756097561,70.40243902439025,104.41463414634147,87.32926829268293,137.7439024390244,0.0,68.23170731707317,95.39024390243902,126.97560975609755,109.17073170731707,126.28048780487805,148.6829268292683,108.65853658536585,96.07317073170732,107.01219512195122,143.02439024390245,91.07317073170732,105.64634146341463,95.98780487804878,100.90243902439025,109.8780487804878,124.96341463414635,132.15853658536585,131.0487804878049,130.7560975609756
000037.png,90.02597402597402,112.02597402597402,75.31168831168831,142.85714285714286,61.5974025974026,109.46753246753246,86.16883116883118,81.35064935064935,129.44155844155844,104.50649350649351,90.22077922077922,69.33766233766234,130.12987012987014,93.31168831168831,108.41558441558442,113.98701298701299,71.76623376623377,62.857142857142854,129.4025974025974,155.42857142857142,91.8051948051948,168.72727272727272,143.35064935064935,103.55844155844156,140.2207792207792,151.62337662337663,67.85714285714286,97.37662337662337,95.42857142857143,145.23376623376623,70.3896103896104,0.0,97.81818181818181,143.4935064935065,99.37662337662337,146.85714285714286,147.64935064935065,114.0,88.41558441558442,113.05194805194805,164.45454545454547,91.62337662337663,97.63636363636364,97.66233766233766,76.03896103896103,88.46753246753246,133.11688311688312,121.85714285714286,146.46753246753246,119.57142857142857
000038.png,131.890243902439,125.04878048780488,120.3780487804878,130.20731707317074,118.20731707317073,152.0731707317073,132.6829268292683,139.71951219512195,122.01219512195122,134.41463414634146,116.51219512195122,129.23170731707316,121.71951219512195,145.71951219512195,130.28048780487805,144.02439024390245,107.96341463414635,105.3780487804878,126.03658536585365,144.1829268292683,145.2560975609756,154.76829268292684,138.2439024390244,148.34146341463415,125.20731707317073,135.52439024390245,91.34146341463415,143.08536585365854,98.3170731707317,128.3048780487805,99.97560975609755,111.32926829268293,0.0,131.4878048780488,146.5,135.52439024390245,142.28048780487805,123.59756097560975,137.109756097561,126.47560975609755,147.9390243902439,122.96341463414635,144.3658536585366,130.79268292682926,124.8048780487805,117.98780487804878,122.02439024390245,144.82926829268294,141.3170731707317,141.59756097560975
000039.png,185.0921985815603,174.56028368794327,180.7872340425532,133.36879432624113,173.94326241134752,195.20567375886526,181.15602836879432,181.96453900709218,139.17730496453902,184.0212765957447,180.56028368794327,181.95035460992906,140.61702127659575,186.74468085106383,179.33333333333334,187.77304964539007,170.40425531914894,168.60992907801418,155.1418439716312,135.1418439716312,188.73758865248226,142.05673758865248,137.39007092198582,186.36879432624113,130.9787234042553,138.645390070922,168.81560283687944,184.36170212765958,165.9290780141844,133.4255319148936,173.82978723404256,178.65248226950354,159.29787234042553,0.0,189.46099290780143,144.87943262411346,157.81560283687944,153.03546099290782,183.43971631205673,158.29787234042553,162.04964539007094,174.08510638297872,186.5886524822695,179.22695035460993,182.56737588652481,156.26241134751774,156.3758865248227,180.58156028368793,139.82269503546098,179.73758865248226
00004.png,71.63157894736842,109.42105263157895,75.3157894736842,146.75438596491227,90.40350877192982,132.87719298245614,66.54385964912281,84.96491228070175,152.0701754385965,125.59649122807018,118.15789473684211,67.17543859649123,136.03508771929825,61.526315789473685,134.31578947368422,125.47368421052632,84.05263157894737,80.91228070175438,138.82456140350877,164.59649122807016,68.14035087719299,183.6140350877193,150.2280701754386,68.75438596491227,148.859649122807,170.73684210526315,86.70175438596492,61.333333333333336,99.73684210526316,162.31578947368422,102.19298245614036,83.87719298245614,138.24561403508773,162.87719298245614,0.0,164.68421052631578,144.91228070175438,121.26315789473684,68.26315789473684,103.17543859649123,180.35087719298247,68.36842105263158,66.43859649122807,75.36842105263158,91.96491228070175,98.29824561403508,142.1578947368421,135.80701754385964,161.140350877193,132.56140350877192
000040.png,186.67368421052632,169.0,179.69473684210527,112.37894736842105,166.94736842105263,182.25263157894736,178.56842105263158,179.54736842105262,121.6,183.78947368421052,179.42105263157896,178.02105263157895,122.6842105263158,190.6,171.2421052631579,186.93684210526317,169.62105263157895,162.34736842105264,129.29473684210527,136.0421052631579,189.97894736842105,111.28421052631579,119.85263157894737,183.49473684210525,124.51578947368421,133.0,156.0421052631579,183.8421052631579,148.58947368421053,118.84210526315789,150.85263157894738,165.01052631578946,145.47368421052633,130.38947368421051,187.16842105263157,0.0,128.23157894736843,124.36842105263158,180.31578947368422,132.37894736842105,127.83157894736843,165.93684210526317,187.68421052631578,169.50526315789475,182.1157894736842,126.58947368421053,131.6,171.81052631578947,128.53684210526316,172.0842105263158
000041.png,192.888,170.816,189.568,132.608,179.656,200.56,192.232,188.168,130.688,189.824,190.92,190.84,129.52,198.032,182.344,194.168,180.88,175.704,108.584,149.496,197.744,133.552,144.128,196.36,148.192,143.04,166.872,194.64,163.272,145.992,170.2,185.784,164.008,143.128,198.904,131.152,0.0,114.616,188.12,120.8,115.56,174.0,194.96,182.408,195.112,117.232,150.784,187.424,142.216,185.472
000042.png,180.15463917525773,165.7835051546392,178.30927835051546,119.44329896907216,164.91752577319588,192.96907216494844,178.36082474226805,174.11340206185568,125.6701030927835,181.89690721649484,177.39175257731958,177.2164948453608,121.97938144329896,182.72164948453607,177.09278350515464,186.05154639175257,170.50515463917526,165.51546391752578,97.5360824742268,142.79381443298968,183.28865979381445,130.09278350515464,136.49484536082474,184.02061855670104,136.8659793814433,137.1443298969072,154.63917525773195,181.20618556701032,147.75257731958763,128.46391752577318,157.11340206185568,173.43298969072166,151.02061855670104,130.58762886597938,188.76288659793815,120.10309278350516,108.75257731958763,0.0,175.69072164948454,115.94845360824742,105.25773195876289,161.5257731958763,180.64948453608247,169.24742268041237,180.97938144329896,100.87628865979381,140.79381443298968,178.63917525773195,131.79381443298968,176.77319587628867
000043.png,73.6046511627907,108.74418604651163,75.02325581395348,145.97674418604652,81.13953488372093,131.34883720930233,64.04651162790698,80.34883720930233,144.62790697674419,123.27906976744185,108.62790697674419,66.18604651162791,128.93023255813952,66.34883720930233,130.1627906976744,123.13953488372093,74.23255813953489,80.53488372093024,135.27906976744185,154.72093023255815,68.11627906976744,175.30232558139534,142.74418604651163,74.95348837209302,141.2093023255814,162.1627906976744,79.27906976744185,68.34883720930233,89.74418604651163,154.1627906976744,91.37209302325581,78.37209302325581,116.13953488372093,150.65116279069767,67.97674418604652,153.88372093023256,152.27906976744185,114.3953488372093,0.0,96.90697674418605,167.48837209302326,68.06976744186046,63.97674418604651,78.5813953488372,86.25581395348837,99.20930232558139,134.93023255813952,133.04651162790697,148.88372093023256,131.2325581395349
000044.png,156.59649122807016,146.6315789473684,153.7017543859649,134.14912280701753,152.03508771929825,169.71052631578948,153.3421052631579,152.140350877193,130.8684210526316,164.62280701754386,163.76315789473685,154.4298245614035,126.85087719298245,154.64912280701753,159.90350877192984,168.24561403508773,149.42105263157896,144.0701754385965,126.20175438596492,148.73684210526315,157.2017543859649,141.85087719298247,140.35087719298247,157.78070175438597,144.39473684210526,149.37719298245614,140.48245614035088,151.47368421052633,141.4298245614035,149.4298245614035,147.7280701754386,152.80701754385964,144.43859649122808,141.21929824561403,157.49122807017545,139.85087719298247,126.10526315789474,124.40350877192982,150.1140350877193,0.0,138.85087719298247,139.640350877193,152.66666666666666,151.28947368421052,162.28947368421052,122.55263157894737,140.00877192982455,158.2719298245614,141.55263157894737,157.87719298245614
000045.png,191.1980198019802,171.98019801980197,188.23762376237624,119.06930693069307,175.92079207920793,203.45544554455446,191.46534653465346,188.8910891089109,126.7128712871287,191.4950495049505,190.37623762376236,191.21782178217822,117.81188118811882,196.07920792079207,185.12871287128712,195.83168316831683,179.54455445544554,174.86138613861385,100.66336633663366,143.9108910891089,197.16831683168317,120.39603960396039,133.0891089108911,196.47524752475246,141.3960396039604,133.7128712871287,162.53465346534654,191.3861386138614,151.5742574257426,130.0,163.54455445544554,186.2970297029703,149.85148514851485,130.12871287128712,200.8118811881188,114.94059405940594,96.17821782178218,96.05940594059406,186.8118811881188,116.55445544554455,0.0,170.73267326732673,192.25742574257427,176.7029702970297,197.11881188118812,108.0,138.30693069306932,186.009900990099,134.9009900990099,185.05940594059405
000046.png,82.63636363636364,106.10606060606061,79.07575757575758,141.87878787878788,83.33333333333333,131.06060606060606,75.45454545454545,84.54545454545455,134.46969696969697,122.21212121212122,108.77272727272727,75.78787878787878,125.57575757575758,70.3030303030303,128.72727272727272,122.63636363636364,75.87878787878788,80.92424242424242,130.9848484848485,150.0,78.03030303030303,167.75757575757575,142.66666666666666,81.13636363636364,134.71212121212122,152.93939393939394,78.15151515151516,69.8030303030303,86.89393939393939,147.8939393939394,88.22727272727273,82.63636363636364,107.63636363636364,144.21212121212122,78.42424242424242,141.92424242424244,143.72727272727272,116.21212121212122,74.86363636363636,89.74242424242425,157.62121212121212,0.0,72.96969696969697,78.6969696969697,94.9090909090909,101.89393939393939,125.75757575757575,127.92424242424242,142.25757575757575,124.71212121212122
000047.png,63.57627118644068,107.47457627118644,75.67796610169492,143.64406779661016,85.88135593220339,131.45762711864407,58.355932203389834,73.69491525423729,143.98305084745763,119.44067796610169,108.61016949152543,61.13559322033898,133.16949152542372,62.96610169491525,135.27118644067798,127.05084745762711,78.2542372881356,75.76271186440678,137.6271186440678,151.6271186440678,64.61016949152543,177.28813559322035,148.5593220338983,75.13559322033899,138.40677966101694,165.79661016949152,73.55932203389831,65.28813559322033,87.27118644067797,151.76271186440678,94.55932203389831,79.64406779661017,122.94915254237289,155.57627118644066,59.83050847457627,152.45762711864407,155.15254237288136,112.47457627118644,58.067796610169495,99.83050847457628,170.76271186440678,68.0,0.0,78.27118644067797,92.77966101694915,97.88135593220339,138.4915254237288,127.89830508474576,150.3728813559322,125.8135593220339
000048.png,90.23913043478261,118.80434782608695,72.21739130434783,143.6086956521739,89.82608695652173,138.2391304347826,75.02173913043478,85.23913043478261,140.80434782608697,129.2391304347826,119.52173913043478,76.17391304347827,129.2173913043478,75.1304347826087,132.91304347826087,133.41304347826087,83.65217391304348,77.41304347826087,131.43478260869566,153.7173913043478,72.3913043478261,170.08695652173913,141.1304347826087,63.869565217391305,136.19565217391303,152.67391304347825,82.6304347826087,63.30434782608695,86.41304347826087,149.2391304347826,85.82608695652173,76.06521739130434,114.73913043478261,148.67391304347825,73.78260869565217,150.0,143.7608695652174,105.84782608695652,76.6304347826087,98.97826086956522,161.5,75.04347826086956,73.52173913043478,0.0,101.32608695652173,94.43478260869566,135.95652173913044,139.93478260869566,141.7391304347826,134.7391304347826
00005.png,94.38775510204081,99.22448979591837,93.06122448979592,152.18367346938774,70.38775510204081,108.36734693877551,97.89795918367346,97.3061224489796,136.16326530612244,81.04081632653062,94.91836734693878,81.65306122448979,136.08163265306123,103.53061224489795,113.79591836734694,94.53061224489795,80.0,77.40816326530613,136.42857142857142,154.51020408163265,108.77551020408163,179.59183673469389,146.40816326530611,119.6938775510204,143.57142857142858,165.6122448979592,87.53061224489795,112.53061224489795,103.85714285714286,152.22448979591837,93.44897959183673,73.08163265306122,123.38775510204081,157.22448979591837,111.28571428571429,158.6530612244898,155.85714285714286,130.3673469387755,101.89795918367346,127.63265306122449,181.57142857142858,100.48979591836735,115.12244897959184,118.44897959183673,0.0,106.06122448979592,138.89795918367346,117.59183673469387,151.55102040816325,117.28571428571429
00006.png,164.26363636363635,154.1090909090909,160.76363636363635,131.5818181818182,155.1,174.07272727272726,160.93636363636364,164.56363636363636,130.11818181818182,171.98181818181817,168.6818181818182,161.6909090909091,122.61818181818182,169.95454545454547,165.01818181818183,178.26363636363635,154.8272727272727,149.7,113.82727272727273,146.34545454545454,169.20909090909092,141.3909090909091,139.02727272727273,170.23636363636365,139.16363636363636,142.9,145.8181818181818,167.97272727272727,138.95454545454547,140.24545454545455,145.1909090909091,158.26363636363635,144.9181818181818,141.22727272727272,171.84545454545454,135.88181818181818,118.82727272727273,107.78181818181818,164.26363636363635,123.2909090909091,127.51818181818182,151.01818181818183,166.61818181818182,155.55454545454546,165.4909090909091,0.0,139.78181818181818,167.6,138.27272727272728,167.6090909090909
00007.png,147.57746478873239,125.15492957746478,151.2112676056338,134.28169014084506,145.38028169014083,155.18309859154928,149.83098591549296,148.98591549295776,122.49295774647888,147.69014084507043,152.95774647887325,148.0281690140845,124.5774647887324,154.3943661971831,145.18309859154928,147.43661971830986,146.6056338028169,141.11267605633802,132.98591549295776,142.42253521126761,157.74647887323943,149.45070422535213,135.8732394366197,155.38028169014083,137.33802816901408,138.43661971830986,136.33802816901408,151.90140845070422,126.26760563380282,137.46478873239437,133.2112676056338,151.81690140845072,125.25352112676056,131.01408450704224,158.35211267605635,123.28169014084507,140.59154929577466,132.6338028169014,154.19718309859155,128.04225352112675,138.01408450704224,136.19718309859155,158.91549295774647,148.69014084507043,152.01408450704224,128.30985915492957,0.0,132.88732394366198,134.70422535211267,135.80281690140845
00008.png,132.1346153846154,124.07692307692308,136.55769230769232,154.30769230769232,116.88461538461539,123.73076923076923,140.07692307692307,120.61538461538461,139.15384615384616,101.48076923076923,139.59615384615384,131.76923076923077,149.40384615384616,143.07692307692307,117.09615384615384,92.9423076923077,135.19230769230768,125.65384615384616,156.78846153846155,141.78846153846155,138.32692307692307,168.82692307692307,154.17307692307693,144.73076923076923,155.84615384615384,167.25,129.59615384615384,138.8653846153846,131.8846153846154,166.19230769230768,134.3653846153846,136.09615384615384,149.15384615384616,155.80769230769232,143.5,154.40384615384616,160.48076923076923,147.90384615384616,140.76923076923077,146.42307692307693,168.51923076923077,134.48076923076923,145.01923076923077,147.03846153846155,131.8846153846154,144.80769230769232,127.82692307692308,0.0,157.40384615384616,31.557692307692307
00009.png,183.5462962962963,171.1851851851852,173.4814814814815,128.46296296296296,167.09259259259258,194.16666666666666,175.11111111111111,177.84259259259258,131.33333333333334,183.53703703703704,179.2685185185185,174.47222222222223,125.91666666666667,178.12962962962962,177.17592592592592,189.85185185185185,167.77777777777777,163.13888888888889,137.28703703703704,123.50925925925925,175.2962962962963,140.38888888888889,130.03703703703704,171.92592592592592,130.49074074074073,134.7037037037037,158.5185185185185,173.57407407407408,147.50925925925927,139.0648148148148,154.49074074074073,169.2037037037037,152.44444444444446,132.97222222222223,181.16666666666666,140.17592592592592,144.60185185185185,138.4814814814815,167.7314814814815,145.2962962962963,144.9814814814815,158.65740740740742,176.17592592592592,158.09259259259258,180.42592592592592,140.65740740740742,151.35185185185185,178.27777777777777,0.0,176.5648148148148
01.png,130.69642857142858,124.80357142857143,135.625,154.5,115.875,120.875,138.625,118.32142857142857,140.48214285714286,101.19642857142857,135.98214285714286,131.875,147.94642857142858,141.78571428571428,114.28571428571429,90.98214285714286,134.17857142857142,125.5,156.21428571428572,140.21428571428572,139.41071428571428,169.44642857142858,153.76785714285714,144.16071428571428,157.25,167.5,128.67857142857142,137.53571428571428,131.26785714285714,166.375,133.44642857142858,134.82142857142858,148.08928571428572,156.16071428571428,142.51785714285714,154.23214285714286,159.92857142857142,147.33928571428572,141.92857142857142,146.83928571428572,172.32142857142858,134.5,143.57142857142858,146.125,129.03571428571428,143.98214285714286,132.71428571428572,30.357142857142858,157.07142857142858,0.0
