Histdist_2023-03-09_11:50:36,000038.png,,,,,,
000045.png,17.04382959,49,,,HistDist,000038.png,
000028.png,11.73486847,48,,,,000045.png,17.04382959
000031.png,9.944227181,47,,,,000031.png,9.944227181
000041.png,8.926523953,46,,,,000011.png,6.165664544
000029.png,8.609826996,45,,,,000026.png,3.32699318
000035.png,7.617590436,44,,,,000032.png,1.000067831
000039.png,7.134213581,43,,,,,
000030.png,6.943087348,42,,,,,
000011.png,6.165664544,41,,,,,
00009.png,4.072952987,40,,,,,
000025.png,3.950649062,39,,,,,
000040.png,3.61550143,38,,,,,
000026.png,3.32699318,37,,,,,
000042.png,2.403933622,36,,,,,
00002.png,2.32773379,35,,,,,
000016.png,1.535685213,34,,,,,
000044.png,1.28441026,33,,,,,
00006.png,1.248679014,32,,,,,
00007.png,1.009396365,31,,,,,
00001.png,1.000413702,30,,,,,
000021.png,1.000408915,29,,,,,
000017.png,1.000398688,28,,,,,
00008.png,1.000390767,27,,,,,
000015.png,1.000390248,26,,,,,
000013.png,1.000387801,25,,,,,
000022.png,1.000387623,24,,,,,
01.png,1.000387222,23,,,,,
00005.png,1.00038185,22,,,,,
00004.png,1.00038155,21,,,,,
00003.png,1.000377822,20,,,,,
000047.png,1.000374323,19,,,,,
000020.png,1.000373119,18,,,,,
000033.png,1.000361718,17,,,,,
000023.png,1.000360965,16,,,,,
000010.png,1.000359021,15,,,,,
000027.png,1.000356868,14,,,,,
000018.png,1.000354571,13,,,,,
000019.png,1.000351074,12,,,,,
000043.png,1.000351008,11,,,,,
000014.png,1.000350341,10,,,,,
000012.png,1.000344336,9,,,,,
000.png,1.000340784,8,,,,,
000048.png,1.000336386,7,,,,,
000046.png,1.000312321,6,,,,,
000037.png,1.000281773,5,,,,,
000024.png,1.000268431,4,,,,,
000034.png,1.000236795,3,,,,,
000036.png,1.000178186,2,,,,,
000032.png,1.000067831,1,O,,,,
000038.png,1,,,,,,
